{
	"countries": [
		{
			"en-Us": "AFGHANISTAN",
			"es-Es": "AFGANISTÁN",
			"dial_code": "+93",
			"code": "AF"
		},
		{
			"en-Us": "ALBANIA",
			"es-Es": "ALBANIA",
			"dial_code": "+355",
			"code": "AL"
		},
		{
			"en-Us": "ALGERIA",
			"es-Es": "ARGELIA",
			"dial_code": "+213",
			"code": "DZ"
		},
		{
			"en-Us": "AMERICANSAMOA",
			"es-Es": "SAMOA AMERICANA",
			"dial_code": "+1684",
			"code": "AS"
		},
		{
			"en-Us": "ANDORRA",
			"es-Es": "ANDORRA",
			"dial_code": "+376",
			"code": "AD"
		},
		{
			"en-Us": "ANGOLA",
			"es-Es": "ANGOLA",
			"dial_code": "+244",
			"code": "AO"
		},
		{
			"en-Us": "ANGUILLA",
			"es-Es": "ANGUILLA",
			"dial_code": "+1264",
			"code": "AI"
		},
		{
			"en-Us": "ANTARCTICA",
			"es-Es": "ANTÁRTIDA",
			"dial_code": "+672",
			"code": "AQ"
		},
		{
			"en-Us": "ANTIGUA AND BARBUDA",
			"es-Es": "ANTIGUA Y BARBUDA",
			"dial_code": "+1268",
			"code": "AG"
		},
		{
			"en-Us": "ARGENTINA",
			"es-Es": "ARGENTINA",
			"dial_code": "+54",
			"code": "AR"
		},
		{
			"en-Us": "ARMENIA",
			"es-Es": "ARMENIA",
			"dial_code": "+374",
			"code": "AM"
		},
		{
			"en-Us": "ARUBA",
			"es-Es": "ARUBA",
			"dial_code": "+297",
			"code": "AW"
		},
		{
			"en-Us": "AUSTRALIA",
			"es-Es": "AUSTRALIA",
			"dial_code": "+61",
			"code": "AU"
		},
		{
			"en-Us": "AUSTRIA",
			"es-Es": "AUSTRIA",
			"dial_code": "+43",
			"code": "AT"
		},
		{
			"en-Us": "AZERBAIJAN",
			"es-Es": "AZERBAIYÁN",
			"dial_code": "+994",
			"code": "AZ"
		},
		{
			"en-Us": "BAHAMAS",
			"es-Es": "BAHAMAS",
			"dial_code": "+1242",
			"code": "BS"
		},
		{
			"en-Us": "BAHRAIN",
			"es-Es": "BARÉIN",
			"dial_code": "+973",
			"code": "BH"
		},
		{
			"en-Us": "BANGLADESH",
			"es-Es": "BANGLADES",
			"dial_code": "+880",
			"code": "BD"
		},
		{
			"en-Us": "BARBADOS",
			"es-Es": "BARBADOS",
			"dial_code": "+1246",
			"code": "BB"
		},
		{
			"en-Us": "BELARUS",
			"es-Es": "BIELORRUSIA",
			"dial_code": "+375",
			"code": "BY"
		},
		{
			"en-Us": "BELGIUM",
			"es-Es": "BÉLGICA",
			"dial_code": "+32",
			"code": "BE"
		},
		{
			"en-Us": "BELIZE",
			"es-Es": "BELICE",
			"dial_code": "+501",
			"code": "BZ"
		},
		{
			"en-Us": "BENIN",
			"es-Es": "BENIN",
			"dial_code": "+229",
			"code": "BJ"
		},
		{
			"en-Us": "BERMUDA",
			"es-Es": "BERMUDAS",
			"dial_code": "+1441",
			"code": "BM"
		},
		{
			"en-Us": "BHUTAN",
			"es-Es": "BUTAN",
			"dial_code": "+975",
			"code": "BT"
		},
		{
			"en-Us": "BOLIVIA",
			"es-Es": "BOLIVIA",
			"dial_code": "+591",
			"code": "BO"
		},
		{
			"en-Us": "BOSNIA AND HERZEGOVINA",
			"es-Es": "BOSNIA-HERZEGOVINA",
			"dial_code": "+387",
			"code": "BA"
		},
		{
			"en-Us": "BOTSWANA",
			"es-Es": "BOTSUANA",
			"dial_code": "+267",
			"code": "BW"
		},
		{
			"en-Us": "BRAZIL",
			"es-Es": "BRASIL",
			"dial_code": "+55",
			"code": "BR"
		},
		{
			"en-Us": "BRITISH INDIAN OCEAN TERRITORY",
			"es-Es": "TERRITORIO BRITÁNICO DEL OCÉANO ÍNDICO",
			"dial_code": "+246",
			"code": "IO"
		},
		{
			"en-Us": "BRUNEI DARUSSALAM",
			"es-Es": "BRUNEI",
			"dial_code": "+673",
			"code": "BN"
		},
		{
			"en-Us": "BULGARIA",
			"es-Es": "BULGARIA",
			"dial_code": "+359",
			"code": "BG"
		},
		{
			"en-Us": "BURKINA FASO",
			"es-Es": "BURKINA FASO",
			"dial_code": "+226",
			"code": "BF"
		},
		{
			"en-Us": "BURUNDI",
			"es-Es": "BURUNDI",
			"dial_code": "+257",
			"code": "BI"
		},
		{
			"en-Us": "CAMBODIA",
			"es-Es": "CAMBOYA",
			"dial_code": "+855",
			"code": "KH"
		},
		{
			"en-Us": "CAMEROON",
			"es-Es": "CAMERÚN",
			"dial_code": "+237",
			"code": "CM"
		},
		{
			"en-Us": "CANADA",
			"es-Es": "CANADÁ",
			"dial_code": "+1",
			"code": "CA"
		},
		{
			"en-Us": "CAPE VERDE",
			"es-Es": "CABO VERDE",
			"dial_code": "+238",
			"code": "CV"
		},
		{
			"en-Us": "CAYMAN ISLANDS",
			"es-Es": "ISLAS CAIMÁN",
			"dial_code": "+ 345",
			"code": "KY"
		},
		{
			"en-Us": "CENTRAL AFRICAN REPUBLIC",
			"es-Es": "REPÚBLICA CENTROAFRICANA",
			"dial_code": "+236",
			"code": "CF"
		},
		{
			"en-Us": "CHAD",
			"es-Es": "CHAD",
			"dial_code": "+235",
			"code": "TD"
		},
		{
			"en-Us": "CHILE",
			"es-Es": "CHILE",
			"dial_code": "+56",
			"code": "CL"
		},
		{
			"en-Us": "CHINA",
			"es-Es": "CHINA",
			"dial_code": "+86",
			"code": "CN"
		},
		{
			"en-Us": "CHRISTMAS ISLAND",
			"es-Es": "ISLA DE NAVIDAD",
			"dial_code": "+61",
			"code": "CX"
		},
		{
			"en-Us": "COCOS (KEELING) ISLANDS",
			"es-Es": "ISLAS COCOS",
			"dial_code": "+61",
			"code": "CC"
		},
		{
			"en-Us": "COLOMBIA",
			"es-Es": "COLOMBIA",
			"dial_code": "+57",
			"code": "CO"
		},
		{
			"en-Us": "COMOROS",
			"es-Es": "COMORAS",
			"dial_code": "+269",
			"code": "KM"
		},
		{
			"en-Us": "CONGO",
			"es-Es": "CONGO",
			"dial_code": "+242",
			"code": "CG"
		},
		{
			"en-Us": "CONGO, THE DEMOCRATIC REPUBLIC OF THE",
			"es-Es": "REPÚBLICA DEMOCRÁTICA DEL CONGO",
			"dial_code": "+243",
			"code": "CD"
		},
		{
			"en-Us": "COOK ISLANDS",
			"es-Es": "ISLAS COOK",
			"dial_code": "+682",
			"code": "CK"
		},
		{
			"en-Us": "COSTA RICA",
			"es-Es": "COSTA RICA",
			"dial_code": "+506",
			"code": "CR"
		},
		{
			"en-Us": "COTE D'IVOIRE",
			"es-Es": "COSTA DE MARFIL",
			"dial_code": "+225",
			"code": "CI"
		},
		{
			"en-Us": "CROATIA",
			"es-Es": "CROACIA",
			"dial_code": "+385",
			"code": "HR"
		},
		{
			"en-Us": "CUBA",
			"es-Es": "CUBA",
			"dial_code": "+53",
			"code": "CU"
		},
		{
			"en-Us": "CYPRUS",
			"es-Es": "CHIPRE",
			"dial_code": "+537",
			"code": "CY"
		},
		{
			"en-Us": "CZECHIA",
			"es-Es": "CHEQUIA",
			"dial_code": "+420",
			"code": "CZ"
		},
		{
			"en-Us": "DENMARK",
			"es-Es": "DINAMARCA",
			"dial_code": "+45",
			"code": "DK"
		},
		{
			"en-Us": "DJIBOUTI",
			"es-Es": "YIBUTI",
			"dial_code": "+253",
			"code": "DJ"
		},
		{
			"en-Us": "DOMINICA",
			"es-Es": "DOMINICA",
			"dial_code": "+1767",
			"code": "DM"
		},
		{
			"en-Us": "DOMINICAN REPUBLIC",
			"es-Es": "REPÚBLICA DOMINICANA",
			"dial_code": "+1849",
			"code": "DO"
		},
		{
			"en-Us": "ECUADOR",
			"es-Es": "ECUADOR",
			"dial_code": "+593",
			"code": "EC"
		},
		{
			"en-Us": "EGYPT",
			"es-Es": "EGIPTO",
			"dial_code": "+20",
			"code": "EG"
		},
		{
			"en-Us": "EL SALVADOR",
			"es-Es": "EL SALVADOR",
			"dial_code": "+503",
			"code": "SV"
		},
		{
			"en-Us": "EQUATORIAL GUINEA",
			"es-Es": "GUINEA ECUATORIAL",
			"dial_code": "+240",
			"code": "GQ"
		},
		{
			"en-Us": "ERITREA",
			"es-Es": "ERITREA",
			"dial_code": "+291",
			"code": "ER"
		},
		{
			"en-Us": "ESTONIA",
			"es-Es": "ESTONIA",
			"dial_code": "+372",
			"code": "EE"
		},
		{
			"en-Us": "ETHIOPIA",
			"es-Es": "ETIOPÍA",
			"dial_code": "+251",
			"code": "ET"
		},
		{
			"en-Us": "FALKLAND ISLANDS (MALVINAS)",
			"es-Es": "ISLAS MALVINAS",
			"dial_code": "+500",
			"code": "FK"
		},
		{
			"en-Us": "FAROE ISLANDS",
			"es-Es": "ISLAS FEROE",
			"dial_code": "+298",
			"code": "FO"
		},
		{
			"en-Us": "FIJI",
			"es-Es": "FIYI",
			"dial_code": "+679",
			"code": "FJ"
		},
		{
			"en-Us": "FINLAND",
			"es-Es": "FINLANDIA",
			"dial_code": "+358",
			"code": "FI"
		},
		{
			"en-Us": "FRANCE",
			"es-Es": "FRANCIA",
			"dial_code": "+33",
			"code": "FR"
		},
		{
			"en-Us": "FRENCH GUIANA",
			"es-Es": "GUAYANA FRANCESA",
			"dial_code": "+594",
			"code": "GF"
		},
		{
			"en-Us": "FRENCH POLYNESIA",
			"es-Es": "POLINESIA FRANCESA",
			"dial_code": "+689",
			"code": "PF"
		},
		{
			"en-Us": "GABON",
			"es-Es": "GABÓN",
			"dial_code": "+241",
			"code": "GA"
		},
		{
			"en-Us": "GAMBIA",
			"es-Es": "GAMBIA",
			"dial_code": "+220",
			"code": "GM"
		},
		{
			"en-Us": "GEORGIA",
			"es-Es": "GEORGIA",
			"dial_code": "+995",
			"code": "GE"
		},
		{
			"en-Us": "GERMANY",
			"es-Es": "ALEMANIA",
			"dial_code": "+49",
			"code": "DE"
		},
		{
			"en-Us": "GHANA",
			"es-Es": "GHANA",
			"dial_code": "+233",
			"code": "GH"
		},
		{
			"en-Us": "GIBRALTAR",
			"es-Es": "GIBRALTAR",
			"dial_code": "+350",
			"code": "GI"
		},
		{
			"en-Us": "GREECE",
			"es-Es": "GRECIA",
			"dial_code": "+30",
			"code": "GR"
		},
		{
			"en-Us": "GREENLAND",
			"es-Es": "GROENLANDIA",
			"dial_code": "+299",
			"code": "GL"
		},
		{
			"en-Us": "GRENADA",
			"es-Es": "GRANADA",
			"dial_code": "+1473",
			"code": "GD"
		},
		{
			"en-Us": "GUADELOUPE",
			"es-Es": "GUADALUPE",
			"dial_code": "+590",
			"code": "GP"
		},
		{
			"en-Us": "GUAM",
			"es-Es": "GUAM",
			"dial_code": "+1671",
			"code": "GU"
		},
		{
			"en-Us": "GUATEMALA",
			"es-Es": "GUATEMALA",
			"dial_code": "+502",
			"code": "GT"
		},
		{
			"en-Us": "GUERNSEY",
			"es-Es": "GUERNSEY",
			"dial_code": "+44",
			"code": "GG"
		},
		{
			"en-Us": "GUINEA",
			"es-Es": "GUINEA",
			"dial_code": "+224",
			"code": "GN"
		},
		{
			"en-Us": "GUINEA-BISSAU",
			"es-Es": "GUINEA-BISAU",
			"dial_code": "+245",
			"code": "GW"
		},
		{
			"en-Us": "GUYANA",
			"es-Es": "GUYANA",
			"dial_code": "+595",
			"code": "GY"
		},
		{
			"en-Us": "HAITI",
			"es-Es": "HAITÍ",
			"dial_code": "+509",
			"code": "HT"
		},
		{
			"en-Us": "HOLY SEE (VATICAN CITY STATE)",
			"es-Es": "CIUDAD DEL VATICANO",
			"dial_code": "+379",
			"code": "VA"
		},
		{
			"en-Us": "HONDURAS",
			"es-Es": "HONDURAS",
			"dial_code": "+504",
			"code": "HN"
		},
		{
			"en-Us": "HONG KONG",
			"es-Es": "HONG KONG",
			"dial_code": "+852",
			"code": "HK"
		},
		{
			"en-Us": "HUNGARY",
			"es-Es": "HUNGRÍA",
			"dial_code": "+36",
			"code": "HU"
		},
		{
			"en-Us": "ICELAND",
			"es-Es": "ISLANDIA",
			"dial_code": "+354",
			"code": "IS"
		},
		{
			"en-Us": "INDIA",
			"es-Es": "INDIA",
			"dial_code": "+91",
			"code": "IN"
		},
		{
			"en-Us": "INDONESIA",
			"es-Es": "INDONESIA",
			"dial_code": "+62",
			"code": "ID"
		},
		{
			"en-Us": "IRAN, ISLAMIC REPUBLIC OF",
			"es-Es": "IRÁN",
			"dial_code": "+98",
			"code": "IR"
		},
		{
			"en-Us": "IRAQ",
			"es-Es": "IRAQ",
			"dial_code": "+964",
			"code": "IQ"
		},
		{
			"en-Us": "IRELAND",
			"es-Es": "IRLANDA",
			"dial_code": "+353",
			"code": "IE"
		},
		{
			"en-Us": "ISLE OF MAN",
			"es-Es": "ISLA DE MAN",
			"dial_code": "+44",
			"code": "IM"
		},
		{
			"en-Us": "ISRAEL",
			"es-Es": "ISRAEL",
			"dial_code": "+972",
			"code": "IL"
		},
		{
			"en-Us": "ITALY",
			"es-Es": "ITALIA",
			"dial_code": "+39",
			"code": "IT"
		},
		{
			"en-Us": "JAMAICA",
			"es-Es": "JAMAICA",
			"dial_code": "+1876",
			"code": "JM"
		},
		{
			"en-Us": "JAPAN",
			"es-Es": "JAPÓN",
			"dial_code": "+81",
			"code": "JP"
		},
		{
			"en-Us": "JERSEY",
			"es-Es": "JERSEY",
			"dial_code": "+44",
			"code": "JE"
		},
		{
			"en-Us": "JORDAN",
			"es-Es": "JORDANIA",
			"dial_code": "+962",
			"code": "JO"
		},
		{
			"en-Us": "KAZAKHSTAN",
			"es-Es": "KAZAJISTÁN",
			"dial_code": "+7",
			"code": "KZ"
		},
		{
			"en-Us": "KENYA",
			"es-Es": "KENIA",
			"dial_code": "+254",
			"code": "KE"
		},
		{
			"en-Us": "KIRIBATI",
			"es-Es": "KIRIBATI",
			"dial_code": "+686",
			"code": "KI"
		},
		{
			"en-Us": "KOREA, DEMOCRATIC PEOPLE'S REPUBLIC OF",
			"es-Es": "COREA DEL NORTE",
			"dial_code": "+850",
			"code": "KP"
		},
		{
			"en-Us": "KOREA, REPUBLIC OF",
			"es-Es": "COREA DEL SUR",
			"dial_code": "+82",
			"code": "KR"
		},
		{
			"en-Us": "KOSOVO",
			"es-Es": "KOSOVO",
			"dial_code": "+383",
			"code": "XK"
		},
		{
			"en-Us": "KUWAIT",
			"es-Es": "KUWAIT",
			"dial_code": "+965",
			"code": "KW"
		},
		{
			"en-Us": "KYRGYZSTAN",
			"es-Es": "KIRGUISTÁN",
			"dial_code": "+996",
			"code": "KG"
		},
		{
			"en-Us": "LAO PEOPLE'S DEMOCRATIC REPUBLIC",
			"es-Es": "LAOS",
			"dial_code": "+856",
			"code": "LA"
		},
		{
			"en-Us": "LATVIA",
			"es-Es": "LETONIA",
			"dial_code": "+371",
			"code": "LV"
		},
		{
			"en-Us": "LEBANON",
			"es-Es": "LÍBANO",
			"dial_code": "+961",
			"code": "LB"
		},
		{
			"en-Us": "LESOTHO",
			"es-Es": "LESOTO",
			"dial_code": "+266",
			"code": "LS"
		},
		{
			"en-Us": "LIBERIA",
			"es-Es": "LIBERIA",
			"dial_code": "+231",
			"code": "LR"
		},
		{
			"en-Us": "LIBYAN ARAB JAMAHIRIYA",
			"es-Es": "LIBIA",
			"dial_code": "+218",
			"code": "LY"
		},
		{
			"en-Us": "LIECHTENSTEIN",
			"es-Es": "LIECHTENSTEIN",
			"dial_code": "+423",
			"code": "LI"
		},
		{
			"en-Us": "LITHUANIA",
			"es-Es": "LITUANIA",
			"dial_code": "+370",
			"code": "LT"
		},
		{
			"en-Us": "LUXEMBOURG",
			"es-Es": "LUXEMBURGO",
			"dial_code": "+352",
			"code": "LU"
		},
		{
			"en-Us": "MACAO",
			"es-Es": "MACAO",
			"dial_code": "+853",
			"code": "MO"
		},
		{
			"en-Us": "MACEDONIA, THE FORMER YUGOSLAV REPUBLIC OF",
			"es-Es": "REPÚBLICA DE MACEDONIA",
			"dial_code": "+389",
			"code": "MK"
		},
		{
			"en-Us": "MADAGASCAR",
			"es-Es": "MADAGASCAR",
			"dial_code": "+261",
			"code": "MG"
		},
		{
			"en-Us": "MALAWI",
			"es-Es": "MALAUI",
			"dial_code": "+265",
			"code": "MW"
		},
		{
			"en-Us": "MALAYSIA",
			"es-Es": "MALASIA",
			"dial_code": "+60",
			"code": "MY"
		},
		{
			"en-Us": "MALDIVES",
			"es-Es": "MALDIVAS",
			"dial_code": "+960",
			"code": "MV"
		},
		{
			"en-Us": "MALI",
			"es-Es": "MALÍ",
			"dial_code": "+223",
			"code": "ML"
		},
		{
			"en-Us": "MALTA",
			"es-Es": "MALTA",
			"dial_code": "+356",
			"code": "MT"
		},
		{
			"en-Us": "MARSHALL ISLANDS",
			"es-Es": "ISLAS MARSHALL",
			"dial_code": "+692",
			"code": "MH"
		},
		{
			"en-Us": "MARTINIQUE",
			"es-Es": "MARTINICA",
			"dial_code": "+596",
			"code": "MQ"
		},
		{
			"en-Us": "MAURITANIA",
			"es-Es": "MAURITANIA",
			"dial_code": "+222",
			"code": "MR"
		},
		{
			"en-Us": "MAURITIUS",
			"es-Es": "MAURICIO",
			"dial_code": "+230",
			"code": "MU"
		},
		{
			"en-Us": "MAYOTTE",
			"es-Es": "MAYOTTE",
			"dial_code": "+262",
			"code": "YT"
		},
		{
			"en-Us": "MEXICO",
			"es-Es": "MÉXICO",
			"dial_code": "+52",
			"code": "MX"
		},
		{
			"en-Us": "MICRONESIA, FEDERATED STATES OF",
			"es-Es": "ESTADOS FEDERADOS DE MICRONESIA",
			"dial_code": "+691",
			"code": "FM"
		},
		{
			"en-Us": "MOLDOVA, REPUBLIC OF",
			"es-Es": "MOLDAVIA",
			"dial_code": "+373",
			"code": "MD"
		},
		{
			"en-Us": "MONACO",
			"es-Es": "MONACO",
			"dial_code": "+377",
			"code": "MC"
		},
		{
			"en-Us": "MONGOLIA",
			"es-Es": "MONGOLIA",
			"dial_code": "+976",
			"code": "MN"
		},
		{
			"en-Us": "MONTENEGRO",
			"es-Es": "MONTENEGRO",
			"dial_code": "+382",
			"code": "ME"
		},
		{
			"en-Us": "MONTSERRAT",
			"es-Es": "MONTSERRAT",
			"dial_code": "+1664",
			"code": "MS"
		},
		{
			"en-Us": "MOROCCO",
			"es-Es": "MARRUECOS",
			"dial_code": "+212",
			"code": "MA"
		},
		{
			"en-Us": "MOZAMBIQUE",
			"es-Es": "MOZAMBIQUE",
			"dial_code": "+258",
			"code": "MZ"
		},
		{
			"en-Us": "MYANMAR",
			"es-Es": "BIRMANIA",
			"dial_code": "+95",
			"code": "MM"
		},
		{
			"en-Us": "NAMIBIA",
			"es-Es": "NAMIBIA",
			"dial_code": "+264",
			"code": "NA"
		},
		{
			"en-Us": "NAURU",
			"es-Es": "NAURU",
			"dial_code": "+674",
			"code": "NR"
		},
		{
			"en-Us": "NEPAL",
			"es-Es": "NEPAL",
			"dial_code": "+977",
			"code": "NP"
		},
		{
			"en-Us": "NETHERLANDS",
			"es-Es": "HOLANDA",
			"dial_code": "+31",
			"code": "NL"
		},
		{
			"en-Us": "NETHERLANDS ANTILLES",
			"es-Es": "ANTILLAS HOLANDESAS",
			"dial_code": "+599",
			"code": "AN"
		},
		{
			"en-Us": "NEW CALEDONIA",
			"es-Es": "NUEVA CALEDONIA",
			"dial_code": "+687",
			"code": "NC"
		},
		{
			"en-Us": "NEW ZEALAND",
			"es-Es": "NUEVA ZELANDA",
			"dial_code": "+64",
			"code": "NZ"
		},
		{
			"en-Us": "NICARAGUA",
			"es-Es": "NICARAGUA",
			"dial_code": "+505",
			"code": "NI"
		},
		{
			"en-Us": "NIGER",
			"es-Es": "NIGER",
			"dial_code": "+227",
			"code": "NE"
		},
		{
			"en-Us": "NIGERIA",
			"es-Es": "NIGERIA",
			"dial_code": "+234",
			"code": "NG"
		},
		{
			"en-Us": "NIUE",
			"es-Es": "NIUE",
			"dial_code": "+683",
			"code": "NU"
		},
		{
			"en-Us": "NORFOLKISLAND",
			"es-Es": "ISLANORFOLK",
			"dial_code": "+672",
			"code": "NF"
		},
		{
			"en-Us": "NORTHERNMARIANAISLANDS",
			"es-Es": "ISLASMARIANASDELNORTE",
			"dial_code": "+1670",
			"code": "MP"
		},
		{
			"en-Us": "NORWAY",
			"es-Es": "NORUEGA",
			"dial_code": "+47",
			"code": "NO"
		},
		{
			"en-Us": "OMAN",
			"es-Es": "OMÁN",
			"dial_code": "+968",
			"code": "OM"
		},
		{
			"en-Us": "PAKISTAN",
			"es-Es": "PAKISTÁN",
			"dial_code": "+92",
			"code": "PK"
		},
		{
			"en-Us": "PALAU",
			"es-Es": "PALAOS",
			"dial_code": "+680",
			"code": "PW"
		},
		{
			"en-Us": "PANAMA",
			"es-Es": "PANAMÁ",
			"dial_code": "+507",
			"code": "PA"
		},
		{
			"en-Us": "PAPUA NEW GUINEA",
			"es-Es": "PAPÚA NUEVA GUINEA",
			"dial_code": "+675",
			"code": "PG"
		},
		{
			"en-Us": "PARAGUAY",
			"es-Es": "PARAGUAY",
			"dial_code": "+595",
			"code": "PY"
		},
		{
			"en-Us": "PERU",
			"es-Es": "PERÚ",
			"dial_code": "+51",
			"code": "PE"
		},
		{
			"en-Us": "PHILIPPINES",
			"es-Es": "FILIPINAS",
			"dial_code": "+63",
			"code": "PH"
		},
		{
			"en-Us": "PITCAIRN",
			"es-Es": "ISLAS PITCAIRN",
			"dial_code": "+872",
			"code": "PN"
		},
		{
			"en-Us": "POLAND",
			"es-Es": "POLONIA",
			"dial_code": "+48",
			"code": "PL"
		},
		{
			"en-Us": "PORTUGAL",
			"es-Es": "PORTUGAL",
			"dial_code": "+351",
			"code": "PT"
		},
		{
			"en-Us": "PUERTO RICO",
			"es-Es": "PUERTO RICO",
			"dial_code": "+1939",
			"code": "PR"
		},
		{
			"en-Us": "QATAR",
			"es-Es": "QATAR",
			"dial_code": "+974",
			"code": "QA"
		},
		{
			"en-Us": "ROMANIA",
			"es-Es": "RUMANIA",
			"dial_code": "+40",
			"code": "RO"
		},
		{
			"en-Us": "RUSSIA",
			"es-Es": "RUSIA",
			"dial_code": "+7",
			"code": "RU"
		},
		{
			"en-Us": "RWANDA",
			"es-Es": "RUANDA",
			"dial_code": "+250",
			"code": "RW"
		},
		{
			"en-Us": "RÉUNION",
			"es-Es": "REUNION",
			"dial_code": "+262",
			"code": "RE"
		},
		{
			"en-Us": "SAINT BARTHÉLEMY",
			"es-Es": "SAN BARTOLOME",
			"dial_code": "+590",
			"code": "BL"
		},
		{
			"en-Us": "SAINT HELENA, ASCENSION AND TRISTAN DA CUNHA",
			"es-Es": "SANTA ELENA, ASCENSIÓN Y TRISTÁN DE ACUÑA",
			"dial_code": "+290",
			"code": "SH"
		},
		{
			"en-Us": "SAINT KITTS AND NEVIS",
			"es-Es": "SAN CRISTÓBAL Y NIEVES",
			"dial_code": "+1869",
			"code": "KN"
		},
		{
			"en-Us": "SAINT LUCIA",
			"es-Es": "SANTA LUCÍA",
			"dial_code": "+1758",
			"code": "LC"
		},
		{
			"en-Us": "SAINT MARTIN",
			"es-Es": "ISLA DE SAN MARTÍN",
			"dial_code": "+590",
			"code": "MF"
		},
		{
			"en-Us": "SAINT PIERRE AND MIQUELON",
			"es-Es": "SAN PEDRO Y MIQUELON",
			"dial_code": "+508",
			"code": "PM"
		},
		{
			"en-Us": "SAINT VINCENT AND THE GRENADINES",
			"es-Es": "SAN VICENTE Y LAS GRANADINAS",
			"dial_code": "+1784",
			"code": "VC"
		},
		{
			"en-Us": "SAMOA",
			"es-Es": "SAMOA",
			"dial_code": "+685",
			"code": "WS"
		},
		{
			"en-Us": "SAN MARINO",
			"es-Es": "SAN MARINO",
			"dial_code": "+378",
			"code": "SM"
		},
		{
			"en-Us": "SAO TOME AND PRINCIPE",
			"es-Es": " SANTO TOMÉ Y PRÍNCIPE",
			"dial_code": "+239",
			"code": "ST"
		},
		{
			"en-Us": "SAUDI ARABIA",
			"es-Es": "ARABIA SAUDITA",
			"dial_code": "+966",
			"code": "SA"
		},
		{
			"en-Us": "SENEGAL",
			"es-Es": "SENEGAL",
			"dial_code": "+221",
			"code": "SN"
		},
		{
			"en-Us": "SERBIA",
			"es-Es": "SERBIA",
			"dial_code": "+381",
			"code": "RS"
		},
		{
			"en-Us": "SEYCHELLES",
			"es-Es": "SEYCHELLES",
			"dial_code": "+248",
			"code": "SC"
		},
		{
			"en-Us": "SIERRA LEONE",
			"es-Es": "SIERRA LEONA",
			"dial_code": "+232",
			"code": "SL"
		},
		{
			"en-Us": "SINGAPORE",
			"es-Es": "SINGAPUR",
			"dial_code": "+65",
			"code": "SG"
		},
		{
			"en-Us": "SLOVAKIA",
			"es-Es": "ESLOVAQUIA",
			"dial_code": "+421",
			"code": "SK"
		},
		{
			"en-Us": "SLOVENIA",
			"es-Es": "ESLOVENIA",
			"dial_code": "+386",
			"code": "SI"
		},
		{
			"en-Us": "SOLOMON ISLANDS",
			"es-Es": "ISLAS SALOMÓN",
			"dial_code": "+677",
			"code": "SB"
		},
		{
			"en-Us": "SOMALIA",
			"es-Es": "SOMALIA",
			"dial_code": "+252",
			"code": "SO"
		},
		{
			"en-Us": "SOUTH AFRICA",
			"es-Es": "SUDÁFRICA",
			"dial_code": "+27",
			"code": "ZA"
		},
		{
			"en-Us": "SOUTH SUDAN",
			"es-Es": "SUDÁN DEL SUR",
			"dial_code": "+211",
			"code": "SS"
		},
		{
			"en-Us": "SPAIN",
			"es-Es": "ESPAÑA",
			"dial_code": "+34",
			"code": "ES"
		},
		{
			"en-Us": "SRI LANKA",
			"es-Es": "SRI LANKA",
			"dial_code": "+94",
			"code": "LK"
		},
		{
			"en-Us": "STATE OF PALESTINE",
			"es-Es": "ESTADO DE PALESTINA",
			"dial_code": "+970",
			"code": "PS"
		},
		{
			"en-Us": "SUDAN",
			"es-Es": "SUDÁN",
			"dial_code": "+249",
			"code": "SD"
		},
		{
			"en-Us": "SURINAME",
			"es-Es": "SURINAM",
			"dial_code": "+597",
			"code": "SR"
		},
		{
			"en-Us": "SVALBARD AND JAN MAYEN",
			"es-Es": "SVALBARD Y JAN MAYEN",
			"dial_code": "+47",
			"code": "SJ"
		},
		{
			"en-Us": "SWAZILAND",
			"es-Es": "SUAZILANDIA",
			"dial_code": "+268",
			"code": "SZ"
		},
		{
			"en-Us": "SWEDEN",
			"es-Es": "SUECIA",
			"dial_code": "+46",
			"code": "SE"
		},
		{
			"en-Us": "SWITZERLAND",
			"es-Es": "SUIZA",
			"dial_code": "+41",
			"code": "CH"
		},
		{
			"en-Us": "SYRIAN ARAB REPUBLIC",
			"es-Es": "SIRIA",
			"dial_code": "+963",
			"code": "SY"
		},
		{
			"en-Us": "TAIWAN, PROVINCE OF CHINA",
			"es-Es": "TAIWÁN",
			"dial_code": "+886",
			"code": "TW"
		},
		{
			"en-Us": "TAYIKISTAN",
			"es-Es": "TAYIKISTÁN",
			"dial_code": "+992",
			"code": "TJ"
		},
		{
			"en-Us": "TANZANIA, UNITED REPUBLIC OF",
			"es-Es": "TANZANIA",
			"dial_code": "+255",
			"code": "TZ"
		},
		{
			"en-Us": "THAILAND",
			"es-Es": "TAILANDIA",
			"dial_code": "+66",
			"code": "TH"
		},
		{
			"en-Us": "TIMOR-LESTE",
			"es-Es": "TIMOR ORIENTAL",
			"dial_code": "+670",
			"code": "TL"
		},
		{
			"en-Us": "TOGO",
			"es-Es": "TOGO",
			"dial_code": "+228",
			"code": "TG"
		},
		{
			"en-Us": "TOKELAU",
			"es-Es": "TOKELAU",
			"dial_code": "+690",
			"code": "TK"
		},
		{
			"en-Us": "TONGA",
			"es-Es": "TONGA",
			"dial_code": "+676",
			"code": "TO"
		},
		{
			"en-Us": "TRINIDAD AND TOBAGO",
			"es-Es": "TRINIDAD Y TOBAGO",
			"dial_code": "+1868",
			"code": "TT"
		},
		{
			"en-Us": "TUNISIA",
			"es-Es": "TÚNEZ",
			"dial_code": "+216",
			"code": "TN"
		},
		{
			"en-Us": "TURKEY",
			"es-Es": "TURQUÍA",
			"dial_code": "+90",
			"code": "TR"
		},
		{
			"en-Us": "TURKMENISTAN",
			"es-Es": "TURKMENISTÁN",
			"dial_code": "+993",
			"code": "TM"
		},
		{
			"en-Us": "TURKS AND CAICOS ISLANDS",
			"es-Es": "ISLAS TURCAS Y CAICOS",
			"dial_code": "+1649",
			"code": "TC"
		},
		{
			"en-Us": "TUVALU",
			"es-Es": "TUVALU",
			"dial_code": "+688",
			"code": "TV"
		},
		{
			"en-Us": "UGANDA",
			"es-Es": "UGANDA",
			"dial_code": "+256",
			"code": "UG"
		},
		{
			"en-Us": "UKRAINE",
			"es-Es": "UCRANIA",
			"dial_code": "+380",
			"code": "UA"
		},
		{
			"en-Us": "UNITED ARAB EMIRATES",
			"es-Es": "EMIRATOS ÁRABES UNIDOS",
			"dial_code": "+971",
			"code": "AE"
		},
		{
			"en-Us": "UNITED KINGDOM",
			"es-Es": "REINO UNIDO",
			"dial_code": "+44",
			"code": "GB"
		},
		{
			"en-Us": "UNITED STATES",
			"es-Es": "ESTADOS UNIDOS",
			"dial_code": "+1",
			"code": "US"
		},
		{
			"en-Us": "URUGUAY",
			"es-Es": "URUGUAY",
			"dial_code": "+598",
			"code": "UY"
		},
		{
			"en-Us": "UZBEKISTAN",
			"es-Es": "UZBEKISTÁN",
			"dial_code": "+998",
			"code": "UZ"
		},
		{
			"en-Us": "VANUATU",
			"es-Es": "VANUATU",
			"dial_code": "+678",
			"code": "VU"
		},
		{
			"en-Us": "VENEZUELA, BOLIVARIAN REPUBLIC OF",
			"es-Es": "VENEZUELA",
			"dial_code": "+58",
			"code": "VE"
		},
		{
			"en-Us": "VIETNAM",
			"es-Es": "VIETNAM",
			"dial_code": "+84",
			"code": "VN"
		},
		{
			"en-Us": "VIRGIN ISLANDS, BRITISH",
			"es-Es": "ISLAS VÍRGENES BRITÁNICAS",
			"dial_code": "+1284",
			"code": "VG"
		},
		{
			"en-Us": "VIRGIN ISLANDS, U.S.",
			"es-Es": "ISLAS VÍRGENES DE LOS ESTADOS UNIDOS",
			"dial_code": "+1340",
			"code": "VI"
		},
		{
			"en-Us": "WALLIS AND FUTUNA",
			"es-Es": "WALLIS Y FUTUNA",
			"dial_code": "+681",
			"code": "WF"
		},
		{
			"en-Us": "YEMEN",
			"es-Es": "YEMEN",
			"dial_code": "+967",
			"code": "YE"
		},
		{
			"en-Us": "ZAMBIA",
			"es-Es": "ZAMBIA",
			"dial_code": "+260",
			"code": "ZM"
		},
		{
			"en-Us": "ZIMBABWE",
			"es-Es": "ZIMBABUE",
			"dial_code": "+263",
			"code": "ZW"
		},
		{
			"en-Us": "ÅLAND ISLANDS",
			"es-Es": "ÅLAND",
			"dial_code": "+358",
			"code": "AX"
		}
	]
}
